<?xml version="1.0"?>
<!DOCTYPE hibernate-mapping PUBLIC "-//Hibernate/Hibernate Mapping DTD 3.0//EN"
"http://www.hibernate.org/dtd/hibernate-mapping-3.0.dtd">
<!-- Generated 27-Aug-2019 18:03:36 by Hibernate Tools 4.3.1 -->
<hibernate-mapping>
    <class name="com.model.Product" table="product" catalog="you" optimistic-lock="version">
        <id name="id" type="java.lang.Integer">
            <column name="id" />
            <generator class="identity" />
        </id>
        <property name="name" type="string">
            <column name="name" length="60" />
        </property>
        <property name="qty" type="java.lang.Integer">
            <column name="qty" />
        </property>
        <property name="price" type="java.lang.Double">
            <column name="price" precision="22" scale="0" />
        </property>
    </class>
</hibernate-mapping>
