<?xml version="1.0"?>
<!DOCTYPE hibernate-mapping PUBLIC "-//Hibernate/Hibernate Mapping DTD 3.0//EN"
"http://www.hibernate.org/dtd/hibernate-mapping-3.0.dtd">
<!-- Generated 27-Aug-2019 18:03:36 by Hibernate Tools 4.3.1 -->
<hibernate-mapping>
    <class name="com.model.Userlogin" table="userlogin" catalog="you" optimistic-lock="version">
        <id name="id" type="java.lang.Integer">
            <column name="id" />
            <generator class="identity" />
        </id>
        <property name="email" type="string">
            <column name="email" length="60" />
        </property>
        <property name="password" type="string">
            <column name="password" length="60" />
        </property>
    </class>
</hibernate-mapping>
